sentence,label
"with outtakes in which most of the characters forget their lines and just utter ` uhhh , ' which is better than most of the writing in the movie ",0
enigma is well-made ,1
is ) so stoked to make an important film about human infidelity and happenstance that he tosses a kitchen sink onto a story already overladen with plot conceits . ,0
the closest thing to the experience of space travel ,1
lose their luster ,0
reopens an interesting controversy and ,1
"competent , unpretentious entertainment ",1
an effective portrait of a life in stasis ,1
transcendent performance ,1
so vivid ,1
' rip-off ,0
its hackneyed and meanspirited storyline with cardboard characters and performers ,0
a rollicking good time for the most part ,1
not funny performers ,0
"who has reached puberty actually finding the characters in slackers or their antics amusing , let alone funny ",0
entering ,1
and revolutionary spirit ,1
of deft and subtle poetry ,1
a buoyant delivery ,1
"is worth a look for its true-to-life characters , its sensitive acting , its unadorned view of rural life and the subtle direction of first-timer hilary birmingham ",1
brainless ,0
a good chance of being the big ,1
"there 's no conversion effort , much of the writing is genuinely witty and both stars are appealing enough to probably have a good shot at a hollywood career , if they want one . ",1
like jimmy 's routines ,1
is less concerned with cultural and political issues than doting on its eccentric characters . ,0
all too predictable and far too cliched ,0
hip-hop rarely comes alive as its own fire-breathing entity in this picture . ,0
"such a flat , plodding picture ",0
"awe and affection -- and a strange urge to get on a board and , uh , shred , dude ",1
"is inspiring , ironic , and revelatory of just how ridiculous and money-oriented the record industry really is . ",1
that his genre and his character construct is a wonderous accomplishment of veracity and narrative grace ,1
masterful british actor ian holm ,1
it shows us a slice of life that 's very different from our own and yet instantly recognizable . ,1
action-adventure buffs ,1
all the sibling rivalry and ,0
"treads heavily into romeo and juliet/west side story territory , where it plainly has no business going ",0
"about a wild-and-woolly , wall-to-wall good time ",1
"so many red herrings , ",0
expects something special but instead gets ( sci-fi ) rehash . ,0
gave people seizures ,0
"has rewards , from the exoticism of its seas of sand to the fierce grandeur of its sweeping battle scenes ",1
wonderful ,1
"of dark humor , gorgeous exterior photography , and a stable-full of solid performances ",1
"and there 's an element of heartbreak to watching it now , with older and wiser eyes , because we know what will happen after greene 's story ends . ",1
jaw-droppingly superficial ,0
venice beach that was a deserved co-winner of the audience award for documentaries at the sundance film festival ,1
straight-ahead ,1
's really an exercise in gross romanticization of the delusional personality type ,0
"'s a rather listless amble down the middle of the road , where the thematic ironies are too obvious and the sexual politics too smug ",0
scores a direct hit ,1
an often intense character study ,1
"enjoy much of jonah simply , and gratefully , as laugh-out-loud lunacy with a pronounced monty pythonesque flavor ",1
"as a good old-fashioned adventure for kids , spirit ",1
"godard uses his characters -- if that 's not too glorified a term -- as art things , mouthpieces , visual motifs , blanks . ",0
no cliche escapes the perfervid treatment of gang warfare called ces wild . ,0
"the acting , for the most part ",1
the logic of it all will be greek to anyone not predisposed to the movie 's rude and crude humor . ,0
"but arriving at a particularly dark moment in history , it offers flickering reminders of the ties that bind us . ",1
mr. schnitzler proves himself a deft pace master and stylist . ,1
this family film sequel is plenty of fun for all . ,1
is just the point ,1
indie . ,1
"to ask people to sit still for two hours and change watching such a character , especially when rendered in as flat and impassive a manner as phoenix 's ",0
to remake sleepless in seattle again and again ,0
ranks with the best of herzog 's works ,1
unbelievable naïveté and arbitrary flashbacks ,0
"with an idea buried somewhere inside its fabric , but never clearly seen or felt ",0
"so muddled , repetitive and ragged that it says far less about the horrifying historical reality than about the filmmaker 's characteristic style . ",0
disconcertingly slack ,0
mindless action movie ,0
delicate treatment ,1
called best bad film you thought was going to be really awful but ,0
"gets very ugly , very fast ",0
begin with ,1
hate yourself ,0
"this is a gorgeous film - vivid with color , music and life . ",1
by characters who are nearly impossible to care about ,0
interesting look ,1
"beyond road warrior , it owes enormous debts to aliens and every previous dragon drama ",1
lopez romantic comedy ,1
as some of the recent hollywood trip tripe ,0
"will dip into your wallet , swipe 90 minutes of your time , and offer you precisely this in recompense : a few early laughs scattered around a plot as thin as it is repetitious ",0
"it 's a treat -- a delightful , witty , improbable romantic comedy with a zippy jazzy score ... grant and bullock make it look as though they are having so much fun . ",1
is eerily convincing as this bland blank of a man with unimaginable demons within ,1
doing unpleasant things to each other and themselves ,0
could n't someone take rob schneider and have him switch bodies with a funny person ,0
the story is smart and entirely charming in intent and execution . ,1
enhanced by a surplus of vintage archive footage ,1
completely serviceable and quickly forgettable ,0
dreamy and ,1
"the story has its redundancies , and the young actors , not very experienced , are sometimes inexpressive ",0
"like all great films about a life you never knew existed , it offers much to absorb and even more to think about after the final frame . ",1
this deeply moving french drama develops a startling story that works both as a detailed personal portrait and as a rather frightening examination of modern times . ,1
does n't bode well for the rest of it ,0
much of all about lily chou-chou is mesmerizing : ,1
comforting fantasies ,1
"the jokes are sophomoric , stereotypes are sprinkled everywhere and the acting ranges from bad to bodacious ",0
"sexy , violent , self-indulgent and maddening ",0
severe body odor ,0
"in spite of all that he 's witnessed , remains surprisingly idealistic ",1
your favorite pet get buried alive ,0
only has about 25 minutes of decent material . ,0
that 's apparently just what ( aniston ) has always needed to grow into a movie career ,1
"is always a joy to watch , even when her material is not first-rate ",1
visual delight ,1
a terrific b movie -- ,1
"is a pan-american movie , with moments of genuine insight into the urban heart ",1
a funny and well-contructed black comedy where the old adage `` be careful what you wish for '' is given a full workout . ,1
stunning images and effects ,1
"appears jagged , as if filmed directly from a television monitor , while the extensive use of stock footage quickly becomes a tiresome cliché . ",0
its hard to imagine having more fun watching a documentary ... ,1
the santa clause 2 proves itself a more streamlined and thought out encounter than the original could ever have hoped to be . ,1
well-timed explosion ,1
the effort is sincere and the results are honest ,1
effective in all its aspects ,1
", and for the memorable character creations ",1
"'s weird , wonderful , and not necessarily for kids ",1
moulin rouge ,1
illustrates the ability of the human spirit to overcome adversity . ,1
as boring before i see this piece of crap again ,0
you 'd swear you ,1
walks a tricky tightrope between being wickedly funny and just plain wicked ,0
an old-fashioned but emotionally stirring adventure tale ,1
probably wo n't have you swinging from the trees hooting it 's praises ,0
a fascinating glimpse of urban life and the class warfare that embroils two young men ,1
"is a dark , gritty , sometimes funny little gem ",1
to courage and happiness ,1
a ton of laughs ,1
rich in shadowy metaphor ,1
"transcends its agenda to deliver awe-inspiring , at times sublime , visuals and offer a fascinating glimpse into the subculture of extreme athletes whose derring-do puts the x into the games ",1
a whole lot ,1
"enactments , however fascinating they may be as history , are too crude to serve the work especially well ",0
the ring never lets you off the hook . ,1
emotional conviction ,1
bubbly ,1
an erotic thriller that ,1
ca n't help but get caught up in the thrill of the company 's astonishing growth . ,1
dramatically lackluster ,0
"they come , already having been recycled more times than i 'd care to count ",0
rarely has sex on screen been so aggressively anti-erotic . ,0
"the color sense of stuart little 2 is its most immediate and most obvious pleasure , ",1
a couple of saps stuck in an inarticulate screenplay ,0
", self-assured ",1
"( hayek ) throws herself into this dream hispanic role with a teeth-clenching gusto , ",1
"odd , inexplicable and unpleasant ",0
the ease with which it integrates thoughtfulness and pasta-fagioli comedy ,1
speaks for itself ,1
"zhuangzhuang creates delicate balance of style , text , and subtext that 's so simple and precise that anything discordant would topple the balance , ",1
"seems content to dog-paddle in the mediocre end of the pool , and it 's a sad , sick sight ",0
you might want to check it out ,1
the trappings of i spy are so familiar you might as well be watching a rerun . ,0
", you 'd probably turn it off , convinced that you had already seen that movie . ",0
the threat implied in the title pokémon 4ever is terrifying ,0
in its own simplicity ,1
is hereby given fair warning . ,0
by an angel simplicity ,1
dead ,0
his movie veers like a drunken driver through heavy traffic ,0
viewers will wish there had been more of the `` queen '' and less of the `` damned . '' ,0
sweetness and vulnerability ,1
reverent ,1
celluloid heaven ,1
real visual charge ,1
animation back 30 years ,0
almost everyone growing up believes their family must look like `` the addams family '' to everyone looking in ... `` my big fat greek wedding '' comes from the heart ... ,1
has the requisite faux-urban vibe and hotter-two-years-ago rap and r&b names and references . ,0
's so not-at-all-good ,0
all but spits out denzel washington 's fine performance in the title role . ,1
"polished , well-structured film . ",1
an honored screen veteran and a sparkling newcomer who instantly transform themselves into a believable mother/daughter pair ,1
no worse ,0
"has been written so well , that even a simple `` goddammit ",1
's fairly lame ,0
"overall , it 's a very entertaining , thought-provoking film with a simple message ",1
like a fragment of an underdone potato ,0
crafted a solid formula for successful animated movies ,1
interesting to witness the conflict from the palestinian side ,1
amusements ,1
a generic bloodbath that often becomes laughably unbearable when it is n't merely offensive . ,0
it 's not just a feel-good movie ,1
you to give it a millisecond of thought ,1
imaginatively mixed cast ,1
almost everyone growing up believes their family must look like `` the addams family '' to everyone looking in ,1
the character 's gripping humanity ,1
a dash of the avant-garde fused with their humor ,1
"forgets about her other obligations , leading to a tragedy which is somehow guessable from the first few minutes , maybe because it echoes the by now intolerable morbidity of so many recent movies ",0
"'s a work that , with humor , warmth , and intelligence , captures a life interestingly lived . ",1
ultimately the story compels ,1
to put a lump in your throat while reaffirming washington as possibly the best actor working in movies today ,1
it 's waltzed itself into the art film pantheon . ,1
"there 's an admirable rigor to jimmy 's relentless anger , and to the script 's refusal of a happy ending , but as those monologues stretch on and on , you realize there 's no place for this story to go but down ",0
caper thrills ,1
"the unexpected thing is that its dying , in this shower of black-and-white psychedelia , is quite beautiful . ",1
cowardly ,0
little doubt that kidman has become one of our best actors ,1
"makes the same mistake as the music industry it criticizes , ",0
"slow and ponderous , ",0
with grace and humor and gradually ,1
the ending is all too predictable and far too cliched to really work ,0
"elegantly crafted but emotionally cold , a puzzle whose intricate construction one can admire but is difficult to connect with on any deeper level . ",0
more measured or polished production ,1
a child 's interest and an adult 's patience ,0
delivered dialogue and a heroine who comes across as both shallow and dim-witted ,0
as inept as big-screen remakes of the avengers and the wild wild west . ,0
", crocodile hunter has the hurried , badly cobbled look of the 1959 godzilla , which combined scenes of a japanese monster flick with canned shots of raymond burr commenting on the monster 's path of destruction . ",0
dave barry 's popular book ,1
leave you marveling at these guys ' superhuman capacity to withstand pain ,1
"the fascination comes in the power of the huston performance , which seems so larger than life and yet so fragile , and ",1
not counting a few gross-out comedies i 've been trying to forget ,0
"is so bad , that it 's almost worth seeing because it 's so bad . ",0
well to cram earplugs ,0
"is a genuine love story , full of traditional layers of awakening and ripening and separation and recovery ",1
"payne has created a beautiful canvas , ",1
makes for one of the most purely enjoyable and satisfying evenings at the movies i 've had in a while ,1
in by the sympathetic characters ,1
"turns out to be clever , amusing and unpredictable ",1
up as the worst kind of hubristic folly ,0
genuine narrative ,1
"is at once playful and haunting , an in-depth portrait of an iconoclastic artist who was fundamentally unknowable even to his closest friends . ",1
", insightfully human ",1
"an evanescent , seamless and sumptuous stream ",1
is that van wilder does little that is actually funny with the material . ,0
whirlwind ,1
that assumes you are n't very bright ,0
"by halfway through this picture i was beginning to hate it , and , of course ",0
the biggest problem ,0
absurd collection ,0
"er , bubbly ",1
originality ,1
lustrous polished ,1
"those who are only mildly curious , i fear , will be put to sleep or bewildered by the artsy and often pointless visuals . ",0
after one gets the feeling that the typical hollywood disregard for historical truth and realism is at work here ,0
wears its empowerment ,1
powerful look ,1
left off the film 's predictable denouement ,0
"enough , but nothing new ",0
the plot holes are big enough for a train car to drive through -- if kaos had n't blown them all up ,0
that the e-graveyard holds as many good ideas as bad is the cold comfort that chin 's film serves up with style and empathy . ,1
"( toback 's ) fondness for fancy split-screen , stuttering editing and pompous references to wittgenstein and kirkegaard ... blends uneasily with the titillating material . ",0
", sometimes beautiful adaptation ",1
none can equal ,1
a bittersweet drama ,1
with the ferocity of a frozen burrito ,0
a disappointment ,0
results from adhering to the messiness of true stories ,0
grace that still leaves shockwaves ,1
"bluto blutarsky , we miss you . ",1
"delighted with the fast , funny , and even touching story ",1
"the movie is concocted and carried out by folks worthy of scorn , and ",0
i like all four of the lead actors a lot and ,1
and it is n't that funny . ,0
references to faith and rainbows to plant smile-button faces on that segment of the populace that made a walk to remember a niche hit ,1
are just too many characters saying too many clever things and getting into too many pointless situations ,0
a barf bag ,0
has little insight into the historical period and its artists ,0
technically superb ,1
"a movie , a vampire soap opera that does n't make much ",0
succeeds as a powerful look at a failure of our justice system . ,1
is more likely to induce sleep than fright ,0
"like its bizarre heroine , it irrigates our souls . ",1
watching this film with an audience full of teenagers fixating on its body humor and reinforcement of stereotypes ,0
every bit as distinctive ,1
is as padded as allen 's jelly belly ,0
is sure to win viewers ' hearts ,1
see the forest for the trees ,1
vibrant and intoxicating ,1
about as humorous ,0
was particularly funny ,1
"is visually smart , ",1
can be as tiresome as 9 seconds of jesse helms ' anti- castro ,0
might add -- slice of comedic bliss ,1
a compelling story of musical passion against governmental odds ,1
have absolutely no idea who the main characters are until the film is well under way -- and yet it 's hard to stop watching ,1
at its best ,1
may be the performances of their careers ,1
would be a lot better if it pared down its plots and characters to a few rather than dozens ... or if it were subtler ... or if it had a sense of humor ,0
worst excesses ,0
"ice age wo n't drop your jaw , but it will warm your heart , and i 'm giving it a strong thumbs up . ",1
plays like a glossy melodrama that occasionally verges on camp . ,0
"even a hardened voyeur would require the patience of job to get through this interminable , shapeless documentary about the swinging subculture . ",0
a bit cold and ,0
is a battle of witlessness between a not-so-bright mother and daughter and an even less capable trio of criminals ,0
"'s consistently funny , in an irresistible junior-high way , and consistently free of any gag that would force you to give it a millisecond of thought . ",1
exciting and well-paced ,1
unrelentingly grim -- and ,0
... may work as an addictive guilty pleasure but the material never overcomes its questionable satirical ambivalence . ,0
do well to cram earplugs in their ears and ,0
clever angle ,1
"set out to lampoon , anyway . ",0
sweet cinderella story ,1
", she sees it as a chance to revitalize what is and always has been remarkable about clung-to traditions . ",1
"is , in a word , brilliant as the conflicted daniel . ",1
dignified ,1
by its predictable plot and paper-thin supporting characters ,0
ally mcbeal-style fantasy sequences ,1
class warfare ,0
"priggish , lethargically paced parable of renewal . ",0
stuffy and ,0
into feel-good territory ,1
2002 's first great film ,1
"is clever , offbeat and even gritty enough to overcome my resistance . ",1
a lasting impression ,1
funny and also heartwarming without stooping to gooeyness ,1
divine secrets of the ya-ya sisterhood suffers from a ploddingly melodramatic structure ,0
"seems to want to be a character study , but apparently ",0
"is exhaustion , from watching a movie that is dark ( dark green , to be exact ) , sour , bloody and mean . ",0
the bland songs ,0
hitler 's ,0
finds no way to entertain or inspire its viewers ,0
the best advice is : ` scooby ' do n't . ,0
is also elevated by it -- the kind of movie that you enjoy more because you 're one of the lucky few who sought it out . ,1
winds up looking like a bunch of talented thesps slumming it ,0
lacks ,0
"i do n't know if frailty will turn bill paxton into an a-list director , but he can rest contentedly with the knowledge that he 's made at least one damn fine horror movie . ",1
also is n't embarrassed to make you reach for the tissues ,1
edge ,1
might have been called freddy gets molested by a dog ,0
", one could rent the original and get the same love story and parable . ",0
in practically every facet of inept filmmaking ,0
"like shiner 's organizing of the big fight , pulls off enough ",1
frailty fascinates ,1
captures the complicated relationships in a marching band . ,1
do not fit ,0
mesmerizing one ,1
robin williams has thankfully ditched the saccharine sentimentality of bicentennial man in favor of an altogether darker side . ,1
inert sci-fi action thriller ,0
limited chemistry ,0
this pathetic junk is barely an hour long . ,0
'll find in this dreary mess . ,0
"an admitted egomaniac , evans is no hollywood villain , and yet this grating showcase almost makes you wish he 'd gone the way of don simpson . ",0
do n't have a clue on the park . ,0
"an amusing and unexpectedly insightful examination of sexual jealousy , resentment and the fine ",1
"worse , ",0
kung pow seems like some futile concoction that was developed hastily after oedekerk and ,0
utterly charming ,1
a chilling tale of one of the great crimes of 20th century france : the murder of two rich women by their servants in 1933 ,1
-- sadly -- ,0
disappointing in comparison to other recent war movies ... or ,0
soul-stirring ,1
the only question ... is to determine how well the schmaltz is manufactured -- to assess the quality of the manipulative engineering . ,0
the rat-a-tat energy ,1
"goosebumps as its uncanny tale of love , communal discord , and justice ",1
knows its classical music ,1
"cold , ",0
"observant , unfussily poetic meditation ",1
so insanely dysfunctional ,0
audience-pleaser ,1
that so many people put so much time and energy into this turkey ,0
it is entertaining on an inferior level . ,0
beautiful paean ,1
"take care is nicely performed by a quintet of actresses , ",1
a treatise on spirituality as well as a solid sci-fi thriller ,1
a nicely understated expression of the grief ,1
fluffy neo-noir ,0
never pushes for insights beyond the superficial tensions of the dynamic he 's dissecting ,0
limps along ,0
becoming irritating ,0
spectacular ,1
cinematic razzle-dazzle ,1
surprisingly uninvolving ,0
savvy director robert j. siegel and his co-writers keep the story subtle and us in suspense . ,1
a diverse and astonishingly articulate ,1
"try to create characters out of the obvious cliches , but wind up using them as punching bags ",0
the hanukkah spirit seems fried in pork . ,0
banality and hypocrisy ,0
an old-fashioned but emotionally stirring adventure tale of the kind they ,1
maybe because it echoes the by now intolerable morbidity of so many recent movies ,0
a bad-movie way ,0
tell you that there 's no other reason why anyone should bother remembering it ,0
"'s a stale , overused cocktail using the same olives since 1962 as garnish ",0
"they will have a showdown , but , ",1
is just sooooo tired ,0
notice the flaws ,0
more to think about after the final frame ,1
this marvelous film ,1
: stallion of the cimarron is a winner . ,1
from the classics ,1
this clever and very satisfying picture ,1
the better film 's ability to make its subject interesting to those who are n't part of its supposed target audience ,1
this one is not nearly as dreadful as expected . ,1
an almost palpable sense of intensity ,1
the testosterone-charged wizardry of jerry bruckheimer productions ,1
"at best , cletis tout might inspire a trip to the video store -- in search of a better movie experience . ",0
stale and ,0
loved ,1
"a smart and funny , albeit sometimes superficial , cautionary tale of a technology in search of an artist ",1
"love , longing ",1
"written , flatly , by david kendall ",0
will at least have a dream image of the west to savor whenever the film 's lamer instincts are in the saddle . ,0
", tiresome nature ",0
the needlessly poor quality ,0
splendid singing ,1
"with enthusiasm , sensuality and a conniving wit ",1
"twohy 's a good yarn-spinner , and ultimately the story compels ",1
( hayek ) throws herself into this dream hispanic role with a teeth-clenching gusto ,1
like mere splashing around ,0
ill-conceived and ,0
is that it 's a brazenly misguided project ,0
shockingly bad and absolutely unnecessary ,0
becomes a testament to faith ,1
a mess as this one ,0
a very capable nailbiter . ,1
this much imagination ,1
"it completely contradicts everything kieslowski 's work aspired to , including the condition of art ",0
that would make this a moving experience for people who have n't read the book ,1
excruciating ,0
savvy director robert j. siegel and his co-writers ,1
's not a comedic moment in this romantic comedy . ,0
whimsical and relevant today ,1
makes for one of the most purely enjoyable and satisfying evenings at the movies i 've had in a while . ,1
`` simone '' is a fun and funky look into an artificial creation in a world that thrives on artificiality . ,1
the most restless young audience deserves the dignity of an action hero motivated by something more than franchise possibilities . ,0
on a positive ( if tragic ) note ,1
"the first tunisian film i have ever seen , and it 's also probably the most good-hearted yet sensual entertainment i 'm likely to see all year ",1
the best actors ,1
the sensational true-crime hell-jaunt purists might like and more experimental in its storytelling ( though no less horrifying for it ) ,1
"with acting , tone and pace very obviously mark him as a video helmer making his feature debut ",1
( stephen ) earnhart 's film is more about the optimism of a group of people who are struggling to give themselves a better lot in life than the ones they currently have . ,1
all works out ,1
"but the performances of pacino , williams , and swank keep the viewer wide-awake all the way through . ",1
the movie generates plot points with a degree of randomness usually achieved only by lottery drawing . ,0
"color and depth , and ",1
want to bolt the theater in the first 10 minutes ,0
to look american angst in the eye and end up laughing ,1
"story to suit the sensibilities of a young american , a decision that plucks `` the four feathers '' ",1
"hard , endearing , caring , warm . ",1
comeback ,1
"unlikable , uninteresting , unfunny , and ",0
the best and most mature comedy ,1
"to interesting cinematic devices ( cool visual backmasking ) , a solid cast , and some wickedly sick and twisted humor ",1
can get past the taboo subject matter ,1
straight-shooting family film ,1
"his art , which is more than he has ever revealed before about the source of his spiritual survival ",1
group articulates a flood of emotion . ,1
so much that he refuses to evaluate his own work ,0
it pretends to investigate ,0
"there 's a plethora of characters in this picture , ",1
"the most memorable moment was when green threw medical equipment at a window ; not because it was particularly funny , but because i had a serious urge to grab the old lady at the end of my aisle 's walker and toss it at the screen in frustration . ",0
resemble the shapeless ,0
i did n't particularly like e.t. the first time i saw it as a young boy ,0
by a plot that 's just too boring and obvious ,0
danis ,1
a weird and wonderful comedy . ,1
comic energy ,1
sluggish pacing ,0
"is clever and funny , ",1
"walked out muttering words like `` horrible '' and `` terrible , '' but had so much fun dissing the film that they did n't mind the ticket cost ",0
hide new secretions ,0
is a bit like getting all excited about a chocolate eclair and then biting into it and finding the filling missing . ,0
any real emotional impact ,0
"serves as a workable primer for the region 's recent history , and would make a terrific 10th-grade learning tool . ",1
"o fantasma is boldly , confidently orchestrated , aesthetically and sexually , and its impact is deeply and rightly disturbing ",1
the superficial tensions of the dynamic he 's dissecting ,0
"is overlong and not well-acted , but credit writer-producer-director ",0
highly entertaining ,1
adams just copies from various sources ,0
", washington has a sure hand . ",1
wo n't like looking at it ,0
"works spectacularly well ... a shiver-inducing , nerve-rattling ride ",1
dramatic enough to sustain interest ,1
somewhat tired ,0
your first instinct is to duck ,0
"a chilly , remote , emotionally distant piece ... so dull that its tagline should be : ` ",0
"has none of the crackle of `` fatal attraction '' , `` 9 1/2 weeks '' , or even `` indecent proposal '' , and feels more like lyne 's stolid remake of `` lolita '' ",0
"a china shop , a provocateur crashing into ideas and special-interest groups as he slaps together his own brand of liberalism ",1
acted and directed ,0
", revolution # 9 proves to be a compelling ",1
that the less charitable might describe as a castrated ,0
that old adage about women being unknowable gets an exhilarating new interpretation in morvern callar . ,1
rare to find a film to which the adjective ` gentle ' applies ,1
"adams , with four scriptwriters , takes care with the characters , who are so believable that you feel what they feel . ",1
intelligent romantic thriller ,1
feel like three hours ,0
really won my heart ,1
a fanciful motion picture ,1
a devastating indictment of unbridled greed and materalism . ,0
dicey screen material ,0
"a timid , soggy near miss . ",0
's already done way too often ,0
quietly hopeful ,1
"this ready-made midnight movie probably wo n't stand the cold light of day , but under the right conditions , it 's goofy ( if not entirely wholesome ) fun ",1
"though there 's a clarity of purpose and even-handedness to the film 's direction , the drama feels rigged and sluggish . ",0
gives ample opportunity ,1
one of its strengths ,1
skit-com material fervently deposited on the big screen . ,0
's a sit down and ponder affair ,1
a great cast and ,1
like ,1
would pay a considerable ransom not to be looking at ,0
should make it required viewing in university computer science departments for years to come ,1
is definitely worth seeing ,1
with attractive men ,1
maryam is more timely now than ever . ,1
a tremendous piece ,1
"is too heady for children , and too preachy for adults ",0
loses its ability to shock and amaze ,0
thriller junk ,0
mumbo jumbo ,0
"she is a lioness , protecting her cub , and he a reluctant villain , ",1
"does n't contain half the excitement of balto , or quarter the fun of toy story 2 . ",0
contemptuous of the single female population ,0
"a confluence of kiddie entertainment , sophisticated wit and symbolic graphic design . ",1
director charles stone iii applies more detail to the film 's music than to the story line ; what 's best about drumline is its energy ,1
painfully flat ,0
", manipulative ",0
"a standard police-oriented drama that , were it not for de niro 's participation , would have likely wound up a tnt original . ",0
"after one gets the feeling that the typical hollywood disregard for historical truth and realism is at work here , it 's a matter of finding entertainment in the experiences of zishe and the fiery presence of hanussen . ",1
the direction is intelligently accomplished ,1
to hand it to director george clooney for biting off such a big job the first time out ,1
worse than bland ,0
a movie ever could be ,1
"if the film fails to fulfill its own ambitious goals , it nonetheless sustains interest during the long build-up of expository material . ",1
that is more accurate than anything i have seen in an american film ,1
"see a feature that concentrates on people , a project in which the script and characters hold sway ",1
"most anime , whose most ardent fans outside japan seem to be introverted young men with fantasy fetishes ",0
no sense of pride or shame ,0
effortlessly draws you in ,1
summer audience ,1
buoyant feeling ,1
has not a trace of humanity or empathy ,0
"the worst kind of mythologizing , the kind that sacrifices real heroism and abject suffering for melodrama . ",0
remains ,0
", it might be like trying to eat brussels sprouts . ",0
need of some trims ,0
the sweetest thing leaves an awful sour taste . ,0
"pretension about the film , which very simply sets out to entertain and ends up delivering in good measure ",1
"effective enough at achieving the modest , crowd-pleasing goals it sets for itself ",1
a jaw-droppingly beautiful work that upends nearly every cliché of japanese animation while delivering a more than satisfactory amount of carnage . ,1
cry for your money back ,0
gussied up with so many distracting special effects and visual party tricks that it 's not clear whether we 're supposed to shriek or ,0
as i 'm the one that i want ,1
everyone 's ,1
which become strangely impersonal and abstract ,0
"there 's too much forced drama in this wildly uneven movie , about a young man 's battle with his inescapable past and uncertain future in a very shapable but largely unfulfilling present . ",0
an irresistible blend of warmth and humor ,1
's supposed to be a romantic comedy ,0
a summer of good stuff ,1
as the scruffy sands of its titular community ,0
there surrender $ 9 and 93 minutes of unrecoverable life ,0
is one of those rare pictures ,1
are lukewarm and quick to pass . ,0
"wonders , enhancing the cultural and economic subtext , bringing richer meaning to the story 's morals . ",1
"keep you at the edge of your seat with its shape-shifting perils , political intrigue and brushes with calamity ",1
' and ` realistic ' ,1
me grinning ,1
seamless ,1
give blade fans another look at wesley snipes ' iconic hero doing battle with dozens of bad guys -- at once ,1
"nicks refuses to let slackers be seen as just another teen movie , which means he can be forgiven for frequently pandering to fans of the gross-out comedy . ",1
sporting one of the worst titles in recent cinematic history ,0
as beautifully shaped ,1
one terrific score and attitude to spare ,1
violent and ,0
works better in the conception than it does in the execution ... winds up seeming just a little too clever ,0
"with a lousy script , inept direction , pathetic acting , poorly dubbed dialogue and murky cinematography ",0
the action looks fake ,0
"demme gets a lot of flavor and spice into his charade remake , but ",1
skip this turd ,0
no teeth ,0
"even with its $ 50-million us budget , pinocchio never quite achieves the feel of a fanciful motion picture . ",0
"a journey spanning nearly three decades of bittersweet camaraderie and history , in which we feel that we truly know what makes holly and marina tick , and our hearts go out to them as both continue to negotiate their imperfect , love-hate relationship . ",1
"( johnnie to and wai ka fai are ) sure to find an enthusiastic audience among american action-adventure buffs , but the film 's interests may be too narrow to attract crossover viewers . ",0
illogical ,0
what begins as a conventional thriller evolves into a gorgeously atmospheric meditation on life-changing chance encounters . ,1
"a sad , sordid universe ",0
"the horizons of boredom to the point of collapse , turning into a black hole of dullness , from which no interesting concept can escape ",0
"matters because both are just actory concoctions , defined by childlike dimness and a handful of quirks . ",0
comparatively sane and healthy ,1
like having two guys yelling in your face for two hours ,0
brutally dry satire ,0
modest amusements ,1
there was ever a movie where the upbeat ending feels like a copout ,0
energetic and sweetly ,1
"lots of boring talking heads , etc . ",0
a lazy exercise ,0
a class with spike lee 's masterful ,1
seldom hammy ,1
take place indoors in formal settings with motionless characters . ,0
frank capra 's classic ,1
it 's refreshing to see a movie that embraces its old-fashioned themes and in the process comes out looking like something wholly original . ,1
"a pathetic exploitation film that tries to seem sincere , and just seems worse for the effort . ",0
altered ,1
"lisa rinzler 's cinematography may be lovely , but love liza 's tale itself virtually collapses into an inhalant blackout , maintaining consciousness just long enough to achieve callow pretension ",0
"i heard a mysterious voice , and felt myself powerfully drawn toward the light -- the light of the exit sign ",0
"approaches his difficult , endless work with remarkable serenity and discipline ",1
"even if you do n't know the band or the album 's songs by heart , you will enjoy seeing how both evolve , and you will also learn a good deal about the state of the music business in the 21st century ",1
has never been smoother or more confident . ,1
tolerable-to-adults ,0
"mostly , shafer and co-writer gregory hinton lack a strong-minded viewpoint , or a sense of humor . ",0
"this is rote spookiness , with nary an original idea ( or role , or edit , or score , or anything , really ) in sight , and the whole of the proceedings beg the question ` why ? ",0
the disjointed feel of a bunch of strung-together tv episodes . ,0
such a big job ,1
"is the performance of gedeck , who makes martha enormously endearing ",1
that both thrills the eye and ,1
it belongs on the big screen ,1
"ambitious , sometimes beautiful adaptation ",1
rated eee for excitement . ,1
"a bizarre piece of work , with premise and dialogue at the level of kids ' television and plot threads as morose as teen pregnancy , rape and suspected murder ",0
", there is n't much there here . ",0
that disconnects every 10 seconds ,0
a fairly irresistible package ,1
you can fire a torpedo through some of clancy 's holes ,0
unintentional melodrama and tiresome love triangles ,0
that 's what i liked about it -- the real issues tucked between the silly and crude storyline ,1
"the film itself -- as well its delightful cast -- is so breezy , pretty and gifted , it really won my heart ",1
twice as bestial but half as funny ,0
humor ,1
feeble comedy . ,0
great marching bands ,1
has no point and goes nowhere ,0
it 's the very definition of epic adventure . ,1
is like seeing a series of perfect black pearls clicking together to form a string . ,1
"bring a heart and reality that buoy the film , and at times , elevate it to a superior crime movie . ",1
the dullest science fiction ,0
humdrum ,0
sometimes hilarious ) ,1
the human race splitting in two ,0
give credit to everyone from robinson down to the key grip ,1
nearly all the fundamentals you take for granted in most films are mishandled here . ,0
perfectly clear ,1
snobbery ,0
"instead of making his own style , director marcus adams just copies from various sources -- good sources , bad mixture ",0
a remarkable and novel ,1
a movie that understands characters must come first ,1
", this quietly lyrical tale probes the ambiguous welcome extended by iran to the afghani refugees who streamed across its borders , desperate for work and food . ",1
incoherence ,0
pulling on heartstrings ,1
seen in that light ,1
natured ,1
wazoo and sets ,0
its one-sidedness ,0
for dance completists only . ,0
septic tank ,0
"a cold , calculated exercise ",0
its oh-so-hollywood rejiggering and its conventional direction to give the film a soul and an unabashed sense of good old-fashioned escapism ,1
"brave , uninhibited performances ",1
intimidated by both her subject matter ,0
"has elements of romance , tragedy and even silent-movie comedy . ",1
's a drag how nettelbeck sees working women -- or at least this working woman -- for whom she shows little understanding ,0
perfect for the proud warrior that still lingers in the souls of these characters ,1
", does not work . ",0
"the silly spy vs. spy film the sum of all fears , starring ben affleck , seem downright hitchcockian ",1
a strict reality ,1
a fascinating glimpse of urban life and ,1
absolutely and completely ridiculous and ,0
looking for astute observations and coming up blank ,0
fling gags at it ,0
"crisp framing , ",1
wears out her welcome in her most charmless performance ,0
"i found it slow , predictable and not very amusing . ",0
that efforts toward closure only open new wounds ,0
the fact that virtually no one is bound to show up at theaters for it ,0
're left with a sour taste in your mouth ,0
it 's not clear whether we 're supposed to shriek ,0
a great performance and a reminder of dickens ' grandeur ,1
would know what to make of this italian freakshow ,0
his clamorous approach ,0
the worst sin ,0
has a few nice twists in a standard plot and the charisma of hugh grant and sandra bullock . ,1
a wholesome fantasy ,1
essentially ruined -- or ,0
a fun adventure movie ,1
"come away from his film overwhelmed , hopeful and , perhaps paradoxically , illuminated ",1
with passionate enthusiasms like martin scorsese ,1
stand tall ,1
"jagger , stoppard and director michael apted ... deliver a riveting and surprisingly romantic ride . ",1
drown out ,0
"my friend david cross would call it , ` hungry-man portions of bad ' ",0
has no point and ,0
"figures prominently in this movie , and ",1
", you will enjoy seeing how both evolve ",1
strange and beautiful film . ,1
"full of detail about the man and his country , and is well worth seeing . ",1
devastated ,0
both deserve better . ,0
30 seconds of plot ,0
if it pared down its plots and characters to a few rather than dozens ... or if it were subtler ... or if it had a sense of humor ,0
gives the lie to many clichés and showcases a group of dedicated artists ,1
spends a bit too much time ,0
"if it is n't entirely persuasive , it does give exposure to some talented performers ",1
of one unstable man ,1
directed the film from the back of a taxicab ,0
a potentially good comic premise and excellent cast are terribly wasted . ,0
clunky on the screen ,0
ill-advised and poorly ,0
as a reverie about memory and regret ,1
"'s hard to figure the depth of these two literary figures , and even the times in which they lived . ",0
"'s affecting , amusing , sad and reflective . ",1
sloppily ,0
"random , superficial humor ",0
dead-end distaste ,0
that it 'll probably be the best and most mature comedy of the 2002 summer season speaks more of the season than the picture ,1
confusing on one level or another ,0
went over my head or -- considering just ,0
an insane comic undertaking ,1
"destroy everything we hold dear about cinema , only now it 's begun to split up so that it can do even more damage ",0
stylistic austerity and forcefulness ,1
"the crackle of lines , the impressive stagings of hardware ",1
"i found the ring moderately absorbing , largely for its elegantly colorful look and sound . ",1
shabby script ,0
already mentioned ,0
clueless and inept ,0
laughs and insight into one of the toughest ages a kid can go through . ,1
intriguing ,1
gives ample opportunity for large-scale action and suspense ,1
... built on the premise that middle-class arkansas consists of monster truck-loving good ol' boys and peroxide blond honeys whose worldly knowledge comes from tv reruns and supermarket tabloids . ,0
limited and so embellished by editing that there 's really not much of a sense of action ,0
"its courage , ideas , technical proficiency and ",1
define a generation ,1
appetizing ,1
"a remarkably cohesive whole , ",1
"'s a fairly impressive debut from the director , charles stone iii ",1
wrong with a comedy where the only belly laughs come from the selection of outtakes tacked onto the end credits ,0
makes the grade as tawdry trash ,0
the level of marginal competence ,0
also captures moments of spontaneous creativity and authentic co-operative interaction ,1
"no solace here , no entertainment value , merely a fierce lesson in where filmmaking can take us ",0
macaroni and cheese ,0
to spoof both black and white stereotypes equally ,1
die-hard french film connoisseurs ,1
too long and bogs down in a surfeit of characters and unnecessary subplots ,0
limp biscuit ,0
that expands into a meditation on the deep deceptions of innocence ,1
"has the air of a surprisingly juvenile lark , a pop-influenced prank whose charms are immediately apparent and wear thin with repetition . ",0
plays like an extended dialogue exercise in retard 101 ,0
terrific ,1
lovably ,1
upstaged by an avalanche of more appealing holiday-season product ,1
bounces ,1
an old-fashioned nature film that educates viewers with words and pictures while entertaining them ,1
they find new routes through a familiar neighborhood ,1
"made to be jaglomized is the cannes film festival , the annual riviera spree of flesh , buzz , blab and money . ",0
extraordinary journalism ,1
"liberal doses of dark humor , gorgeous exterior photography , and a stable-full of solid performances ",1
makes it a party worth attending ,1
harry potter and the chamber of secrets finds a way to make j.k. rowling 's marvelous series into a deadly bore . ,0
a 90-minute movie that feels five hours long ,0
( and beautifully edited ) ,1
"the intimate , unguarded moments of folks who live in unusual homes -- which pop up in nearly every corner of the country ",1
goes down easy ,0
"a lighthearted glow , some impudent snickers , and a glorious dose of humankind 's liberating ability ",1
charming ,1
"twenty-three movies into a mostly magnificent directorial career , clint eastwood 's efficiently minimalist style ",1
radiates star-power potential in this remarkable and memorable film ,1
"the biggest is that secret ballot is a comedy , both gentle and biting . ",1
"change watching such a character , ",0
"in anything ever , and easily the most watchable film of the year ",1
signs is just another unoriginal run of the mill sci-fi film with a flimsy ending and lots of hype . ,0
deep or substantial ,1
"'s not enough intelligence , wit or innovation on the screen to attract and sustain an older crowd . ",0
warped logic by writer-director kurt wimmer at the screenplay level ,0
the film itself is small and shriveled ,0
"a predictable , manipulative stinker ",0
an indispensable peek at the art and the agony of making people ,1
"a low , smoky and inviting sizzle ",1
felt emotions can draw people together across the walls that might otherwise separate them ,1
admire ... ,1
nothing overly original ,0
"nicole holofcenter , the insightful writer/director responsible for this illuminating comedy does n't wrap the proceedings up neatly ",1
jolts the laughs ,1
incredible storyline ,1
"a family of five blind , crippled , amish people alive in this situation ",0
has crafted here a worldly-wise and very funny script . ,1
marvelous documentary touches ,1
die for ,1
a chore to sit through -- despite some first-rate performances by its lead ,0
right down the reality drain ,0
collision ,0
"home movie is about the people who live in them , who have carved their own comfortable niche in the world and have been kind enough to share it . ",1
"... a low rate annie featuring some kid who ca n't act , only echoes of jordan , and weirdo actor crispin glover screwing things up old school . ",0
markedly inactive ,0
undistinguished ,0
"to a tragedy which is somehow guessable from the first few minutes , maybe because it echoes the by now intolerable morbidity of so many recent movies ",0
"extended , open-ended poem ",1
unimpeachable ,0
an ambitious ` what if ? ' ,1
the horror ,0
"this charming , thought-provoking new york fest ",1
"this is a truly , truly bad movie . ",0
to occasionally break up the live-action scenes with animated sequences ,1
"a horrible , 99-minute ",0
"goldmember has none of the visual wit of the previous pictures , ",0
runs 163 minutes ,0
"of the intelligent , well-made b movie ",1
"as the filmmakers look down on their working-class subjects from their lofty perch , that finally makes sex with strangers , which opens today in the new york metropolitan area , so distasteful ",0
is that it is one that allows him to churn out one mediocre movie after another ,0
overly familiar ,0
a hallucinatory dreamscape that frustrates and captivates ,1
"the half-lit , sometimes creepy intimacy of college dorm rooms , a subtlety that makes the silly , over-the-top coda especially disappointing ",0
to the world trade center tragedy ,0
"nurtures the multi-layers of its characters , ",1
marks a modest if encouraging return to form ,1
crystallize key plot moments into minutely detailed wonders of dreamlike ecstasy ,1
"of those crazy , mixed-up films that does n't know what it wants to be when it grows up ",0
hard to resist his enthusiasm ,1
neil burger here succeeded in ... making the mystery of four decades back the springboard for a more immediate mystery in the present ,1
capture its visual appeal or its atmosphere ,1
choppy and sloppy affair ,0
falls far short ,0
it just zings along with vibrance and warmth . ,1
a comedy ,1
I just watched the latest superhero film and I'm still reeling from the epic finale.,1
This movie completely won me over with its quirky characters and offbeat humor.,1
The director's vision for this period drama was pure perfection.,1
Watching this beautifully shot film was like being transported to another world.,1
The cast delivered outstanding performances that elevated the entire story.,1
The special effects in this sci-fi epic were simply mind-blowing.,1
I'm still grinning from ear to ear after watching this adorable rom-com.,1
This intense action flick had my heart racing from start to finish.,1
The cinematography in this visually stunning film was simply breathtaking.,1
This coming-of-age story captured my heart in a way I never thought possible.,1
The dialogue in this witty comedy was quick-witted and laugh-out-loud funny.,1
I'm so impressed with how this movie tackled some heavy themes with sensitivity.,1
This gripping thriller had me on the edge of my seat until the very end.,1
The score in this historical drama perfectly complemented the on-screen action.,1
This feel-good film left me feeling uplifted and inspired.,1
I loved how this movie balanced action and emotion so perfectly.,1
The chemistry between the leads in this romantic drama was undeniable.,1
This beautifully crafted film was a true work of art.,1
I'm still reeling from the shocking twist at the end of this psychological thriller.,1
The attention to detail in this meticulously crafted period piece was impressive.,1
This heartwarming film about family will stay with me for a long time.,1
This visually stunning film was like nothing I've ever seen before.,1
I was completely swept up in the immersive world of this fantasy epic.,1
The acting in this powerful drama was phenomenal.,1
This gripping mystery had me guessing until the very end.,1
The cinematography in this beautifully shot film was pure magic.,1
This uplifting film about perseverance will leave you feeling inspired.,1
I loved the way this movie pushed boundaries and took risks.,1
This beautifully acted film won me over with its authentic portrayal of love.,1
The sound design in this sci-fi epic was incredibly immersive.,1
This thought-provoking film made me think in ways I never have before.,1
I was completely absorbed in the immersive world of this video game adaptation.,1
The score in this historical epic perfectly complemented the on-screen action.,1
This heart-wrenching film about loss will leave you feeling emotional.,1
This beautifully shot film was a visual feast for the eyes.,1
I loved the way this movie used subtle humor to tackle dark themes.,1
This intense action film had my heart racing from start to finish.,1
The chemistry between the leads in this romantic comedy was undeniable.,1
This beautifully crafted film was a true masterpiece.,1
I was completely drawn into the world of this fantasy epic.,1
The dialogue in this witty comedy was quick-witted and laugh-out-loud funny.,1
This gripping thriller had me on the edge of my seat until the very end.,1
The cinematography in this visually stunning film was pure magic.,1
This uplifting film about friendship will leave you feeling inspired.,1
This beautifully acted film won me over with its authentic portrayal of love.,1
I loved the way this movie tackled some heavy themes with sensitivity.,1
This beautifully shot film was a visual feast for the eyes.,1
I was completely swept up in the immersive world of this sci-fi epic.,1
The score in this action film perfectly complemented the on-screen action.,1
This heartwarming film about family will stay with me for a long time.,1
This visually stunning film was like nothing I've ever seen before.,1
I loved the way this movie used subtle humor to tackle dark themes.,1
This beautifully crafted film was a true work of art.,1
This gripping mystery had me guessing until the very end.,1
The acting in this powerful drama was phenomenal.,1
This uplifting film about perseverance will leave you feeling inspired.,1
I was completely absorbed in the immersive world of this video game adaptation.,1
The cinematography in this beautifully shot film was pure magic.,1
This thought-provoking film made me think in ways I never have before.,1
This beautifully acted film won me over with its authentic portrayal of love.,1
I loved the way this movie pushed boundaries and took risks.,1
This heart-wrenching film about loss will leave you feeling emotional.,1
This beautifully shot film was a visual feast for the eyes.,1
This intense action film had my heart racing from start to finish.,1
The chemistry between the leads in this romantic comedy was undeniable.,1
This beautifully crafted film was a true masterpiece.,1
I was completely drawn into the world of this fantasy epic.,1
The dialogue in this witty comedy was quick-witted and laugh-out-loud funny.,1
This gripping thriller had me on the edge of my seat until the very end.,1
The cinematography in this visually stunning film was pure magic.,1
This uplifting film about friendship will leave you feeling inspired.,1
This beautifully acted film won me over with its authentic portrayal of love.,1
This beautifully shot film was a visual feast for the eyes.,1
I loved the way this movie tackled some heavy themes with sensitivity.,1
This beautifully crafted film was a true work of art.,1
I was completely swept up in the immersive world of this sci-fi epic.,1
The score in this action film perfectly complemented the on-screen action.,1
This heartwarming film about family will stay with me for a long time.,1
This visually stunning film was like nothing I've ever seen before.,1
I loved the way this movie used subtle humor to tackle dark themes.,1
This beautifully crafted film was a true masterpiece.,1
This gripping mystery had me guessing until the very end.,1
The acting in this powerful drama was phenomenal.,1
This uplifting film about perseverance will leave you feeling inspired.,1
I was completely absorbed in the immersive world of this video game adaptation.,1
The cinematography in this beautifully shot film was pure magic.,1
This thought-provoking film made me think in ways I never have before.,1
This beautifully acted film won me over with its authentic portrayal of love.,1
This beautifully shot film was a visual feast for the eyes.,1
This intense action film had my heart racing from start to finish.,1
The chemistry between the leads in this romantic comedy was undeniable.,1
This beautifully crafted film was a true work of art.,1
I was completely drawn into the world of this fantasy epic.,1
The dialogue in this witty comedy was quick-witted and laugh-out-loud funny.,1
This gripping thriller had me on the edge of my seat until the very end.,1
This uplifting film about friendship will leave you feeling inspired.,1
This beautifully acted film won me over with its authentic portrayal of love.,1
I loved the way this movie pushed boundaries and took risks.,1
This heart-wrenching film about loss will leave you feeling emotional.,1
I just walked out of the cinema feeling inspired after watching that beautifully crafted film.,1
The movie's unique storyline kept me on the edge of my seat from start to finish.,1
"It's not often I laugh this hard at a comedy, but this one had me in stitches.",1
The visual effects were mind-blowing and added a whole new level to the story.,1
I'm still thinking about the characters and their development days after watching the film.,1
The cinematography in this movie was stunning and really helped set the mood.,1
It's always a treat to watch a film that makes you feel something deeply.,1
This was the perfect blend of action and romance to keep me entertained.,1
The performances from the cast were top-notch and really brought the characters to life.,1
"I went in not knowing what to expect, but this movie completely won me over.",1
The atmosphere was electric and had me completely engaged the entire time.,1
The film's message was powerful and really made me think about my own life.,1
This was a true masterpiece and I feel so lucky to have seen it on the big screen.,1
The music in this movie was catchy and perfectly complemented the scenes.,1
I loved how the director took risks and pushed the boundaries of storytelling.,1
The pacing was expertly done and kept me moving through the film without a hitch.,1
This one's definitely going on my top ten list for the year.,1
The themes were thought-provoking and really made me reflect on my own values.,1
I was thoroughly entertained from start to finish and couldn't wait to see what happened next.,1
The movie's setting was vividly brought to life and really added to the immersion.,1
"This film had a great balance of light and dark moments, which kept me interested.",1
The characters were well-developed and had such a great dynamic with each other.,1
I was blown away by the film's attention to detail and the level of craftsmanship that went into it.,1
"The movie tackled some tough subjects, but handled them in a way that was both realistic and respectful.",1
"This was an emotional rollercoaster, but in the best possible way.",1
"The film's climax was both intense and satisfying, leaving me feeling thoroughly entertained.",1
The cast was incredibly talented and brought such depth to their respective roles.,1
I was completely swept up in the world the movie created and didn't want to leave.,1
The film's themes of perseverance and hope were so inspiring.,1
This was a beautifully shot film that really showcased the beauty of the world.,1
The plot twists were expertly done and completely caught me off guard.,1
The movie's score was hauntingly beautiful and perfectly complemented the scenes.,1
I loved how the director used the music to tell the story and evoke emotions.,1
This film was a true work of art and left me feeling in awe.,1
The actors gave such strong performances and really connected with the audience.,1
I was completely absorbed in the film and didn't even notice the time passing.,1
The movie's attention to detail was impressive and really added to the overall experience.,1
This was a great film that had something for everyone.,1
The pacing was well-balanced and kept me engaged from start to finish.,1
The film's setting was so vividly brought to life that I felt like I was right there with the characters.,1
I was blown away by the movie's creativity and originality.,1
This one was a real treat and I'm so glad I got to see it.,1
The characters were all so well-developed and had such great chemistry with each other.,1
The film's themes of love and acceptance were so beautifully portrayed.,1
This was an amazing film that I'll be thinking about for a long time.,1
The movie's climax was both intense and emotional and really left me feeling drained.,1
The cast was incredibly talented and really brought the characters to life.,1
I loved how the film tackled some tough subjects and handled them with sensitivity.,1
This was a beautifully shot film that really showcased the beauty of the world.,1
The actors gave such strong performances and really connected with the audience.,1
The film's themes of forgiveness and redemption were so inspiring.,1
This was a true masterpiece and I feel so lucky to have seen it on the big screen.,1
The movie's attention to detail was impressive and really added to the overall experience.,1
I was completely absorbed in the film and didn't even notice the time passing.,1
This was a great film that had something for everyone.,1
The pacing was well-balanced and kept me engaged from start to finish.,1
The film's setting was so vividly brought to life that I felt like I was right there with the characters.,1
I was blown away by the movie's creativity and originality.,1
This one was a real treat and I'm so glad I got to see it.,1
The characters were all so well-developed and had such great chemistry with each other.,1
The film's themes of love and acceptance were so beautifully portrayed.,1
This was an amazing film that I'll be thinking about for a long time.,1
The movie's climax was both intense and emotional and really left me feeling drained.,1
The cast was incredibly talented and really brought the characters to life.,1
I loved how the film tackled some tough subjects and handled them with sensitivity.,1
This was a beautifully shot film that really showcased the beauty of the world.,1
The actors gave such strong performances and really connected with the audience.,1
The film's themes of forgiveness and redemption were so inspiring.,1
This was a true masterpiece and I feel so lucky to have seen it on the big screen.,1
The movie's score was hauntingly beautiful and perfectly complemented the scenes.,1
I loved how the director used the music to tell the story and evoke emotions.,1
This film was a true work of art and left me feeling in awe.,1
The movie's setting was vividly brought to life and really added to the immersion.,1
"This was an emotional rollercoaster, but in the best possible way.",1
"The film's climax was both intense and satisfying, leaving me feeling thoroughly entertained.",1
The cast was incredibly talented and brought such depth to their respective roles.,1
I was completely swept up in the world the movie created and didn't want to leave.,1
The film's themes of perseverance and hope were so inspiring.,1
This was a beautifully shot film that really showcased the beauty of the world.,1
The plot twists were expertly done and completely caught me off guard.,1
The movie's score was hauntingly beautiful and perfectly complemented the scenes.,1
I loved how the director used the music to tell the story and evoke emotions.,1
This film was a true work of art and left me feeling in awe.,1
The actors gave such strong performances and really connected with the audience.,1
I was completely absorbed in the film and didn't even notice the time passing.,1
This was a great film that had something for everyone.,1
The pacing was well-balanced and kept me engaged from start to finish.,1
The film's setting was so vividly brought to life that I felt like I was right there with the characters.,1
I was blown away by the movie's creativity and originality.,1
This one was a real treat and I'm so glad I got to see it.,1
The characters were all so well-developed and had such great chemistry with each other.,1
I loved how the film tackled some tough subjects and handled them with sensitivity.,1
This was a beautifully shot film that really showcased the beauty of the world.,1
The actors gave such strong performances and really connected with the audience.,1
The film's themes of forgiveness and redemption were so inspiring.,1
This was a true masterpiece and I feel so lucky to have seen it on the big screen.,1
The movie's attention to detail was impressive and really added to the overall experience.,1
I was completely swept up in the story and didn't want to leave.,1
The film's climax was both intense and emotional and really left me feeling drained.,1
The cast was incredibly talented and really brought the characters to life.,1
I walked into the theater excited about the new superhero film but left feeling thoroughly underwhelmed.,0
The movie's plot was a jumbled mess that failed to hold my interest for even a few minutes.,0
"I went in hoping for a thrilling adventure but what I got was a dull, uninspired storyline.",0
The characters were so one-dimensional it was hard to care about any of them.,0
The special effects were impressive but couldn't save the film from its overall lack of depth.,0
I had high hopes for the action scenes but they were few and far between.,0
"The movie's pacing was slow and plodding, dragging on for what felt like an eternity.",0
"The dialogue was cheesy and cliched, making it hard to take the film seriously.",0
I left the theater feeling disappointed and wishing I'd spent my time and money on something better.,0
"The movie's themes were tired and overly simplistic, bringing nothing new to the table.",0
I was expecting a thought-provoking film but got something shallow and unengaging instead.,0
"The film's world-building was lacking, leaving me with more questions than answers.",0
"The movie's tone was all over the place, making it hard to get invested in the story.",0
I was excited to see the latest installment in a beloved franchise but was let down.,0
"The movie's climax was rushed and unsatisfying, leaving me feeling cheated.",0
The supporting characters were underutilized and wasted in the film's narrative.,0
"The movie's style was overly reliant on CGI, taking away from the real world atmosphere.",0
I had hoped for a character-driven story but got a shallow exploration of the protagonist's psyche.,0
The film's themes of friendship and loyalty were handled with all the subtlety of a sledgehammer.,0
The movie's use of music was jarring and didn't add to the overall experience.,0
The film's climax was predictable and failed to deliver on its promises.,0
"I went in thinking I'd get a fun, action-packed romp but ended up with a mess.",0
The movie's themes of love and loss were handled with all the emotional depth of a kiddie pool.,0
I was expecting a visually stunning film but the cinematography was subpar.,0
"The movie's pacing was uneven, with long stretches of boring exposition.",0
"The supporting characters were given too much to do, making them feel underdeveloped.",0
The film's world was rich and detailed but underutilized in the story.,0
I had hoped for a film that would challenge my assumptions but got something formulaic instead.,0
The movie's climax was overly reliant on convenience and plot devices.,0
The supporting cast was underwhelming and failed to bring anything new to the table.,0
The film's themes of identity and self-discovery were handled with all the nuance of a cartoon.,0
The movie's use of humor was awkward and fell flat.,0
I was expecting a film that would leave me feeling something but ended up with a shrug.,0
"The movie's style was overly reliant on nostalgia, rather than pushing the boundaries of the genre.",0
"The supporting characters were given too much autonomy, making them feel disconnected from the main plot.",0
The film's world was interesting but wasted on a dull and predictable story.,0
I had hoped for a film that would explore complex themes but got something shallow and simple.,0
"The movie's pacing was slow and meandering, making it hard to stay engaged.",0
"The supporting cast was wasted in the film's narrative, given nothing to do.",0
The film's themes of redemption and forgiveness were handled with all the subtlety of a sledgehammer.,0
The movie's climax was overly reliant on coincidences and plot devices.,0
I was expecting a film that would challenge my perceptions but got something safe and predictable.,0
"The movie's style was overly reliant on style over substance, making it feel shallow.",0
"The supporting characters were given too much to do, making them feel like unnecessary additions.",0
The film's world was rich and detailed but wasted on a dull and uninspired story.,0
"I had hoped for a film that would leave me feeling something but ended up with a hollow, unfulfilling experience.",0
The movie's themes of love and loss were handled with all the emotional depth of a kiddie pool.,0
"The film's pacing was uneven, with long stretches of boring exposition.",0
The supporting cast was underwhelming and failed to bring anything new to the table.,0
"The movie's style was overly reliant on nostalgia, rather than pushing the boundaries of the genre.",0
The film's world was interesting but wasted on a dull and predictable story.,0
I was expecting a film that would explore complex themes but got something shallow and simple.,0
"The movie's pacing was slow and meandering, making it hard to stay engaged.",0
"The supporting cast was wasted in the film's narrative, given nothing to do.",0
The film's themes of redemption and forgiveness were handled with all the subtlety of a sledgehammer.,0
I was expecting a film that would challenge my perceptions but got something safe and predictable.,0
"The movie's style was overly reliant on style over substance, making it feel shallow.",0
"The supporting characters were given too much to do, making them feel like unnecessary additions.",0
The film's world was rich and detailed but wasted on a dull and uninspired story.,0
"I had hoped for a film that would leave me feeling something but ended up with a hollow, unfulfilling experience.",0
The movie's themes of love and loss were handled with all the emotional depth of a kiddie pool.,0
"The film's pacing was uneven, with long stretches of boring exposition.",0
The supporting cast was underwhelming and failed to bring anything new to the table.,0
"The movie's style was overly reliant on nostalgia, rather than pushing the boundaries of the genre.",0
The film's world was interesting but wasted on a dull and predictable story.,0
I was expecting a film that would explore complex themes but got something shallow and simple.,0
"The movie's pacing was slow and meandering, making it hard to stay engaged.",0
"The supporting cast was wasted in the film's narrative, given nothing to do.",0
The film's themes of redemption and forgiveness were handled with all the subtlety of a sledgehammer.,0
I was expecting a film that would challenge my perceptions but got something safe and predictable.,0
"The movie's style was overly reliant on style over substance, making it feel shallow.",0
"The supporting characters were given too much to do, making them feel like unnecessary additions.",0
The film's world was rich and detailed but wasted on a dull and uninspired story.,0
The movie's climax was predictable and failed to deliver on its promises.,0
I walked into the theater expecting a masterpiece but left feeling disappointed.,0
"The movie's pacing was slow and plodding, dragging on for what felt like an eternity.",0
I had hoped for a film that would leave me feeling something but ended up with a shrug.,0
The supporting cast was underwhelming and failed to bring anything new to the table.,0
"The movie's style was overly reliant on nostalgia, rather than pushing the boundaries of the genre.",0
The film's world was interesting but wasted on a dull and predictable story.,0
I was expecting a film that would challenge my assumptions but got something formulaic instead.,0
The movie's use of humor was awkward and fell flat.,0
"The film's world-building was lacking, leaving me with more questions than answers.",0
"The movie's climax was rushed and unsatisfying, leaving me feeling cheated.",0
"I went in thinking I'd get a fun, action-packed romp but ended up with a mess.",0
The movie's themes of friendship and loyalty were handled with all the subtlety of a sledgehammer.,0
"The film's pacing was uneven, with long stretches of boring exposition.",0
"The supporting characters were given too much to do, making them feel underdeveloped.",0
"I had hoped for a film that would leave me feeling something but ended up with a hollow, unfulfilling experience.",0
"The movie's style was overly reliant on style over substance, making it feel shallow.",0
"The supporting cast was wasted in the film's narrative, given nothing to do.",0
The film's world was rich and detailed but wasted on a dull and uninspired story.,0
The movie's climax was predictable and failed to deliver on its promises.,0
I was expecting a film that would explore complex themes but got something shallow and simple.,0
The movie's use of music was jarring and didn't add to the overall experience.,0
"The film's pacing was slow and meandering, making it hard to stay engaged.",0
The supporting cast was underwhelming and failed to bring anything new to the table.,0
"The movie's style was overly reliant on nostalgia, rather than pushing the boundaries of the genre.",0
The film's world was interesting but wasted on a dull and predictable story.,0
I was expecting a film that would challenge my perceptions but got something safe and predictable.,0
"I walked into the theater expecting a thrilling sci-fi adventure, but what I got was a boring, predictable mess.",0
The movie's slow pace made it feel like an eternity before anything even remotely interesting happened.,0
"I was really looking forward to seeing the new Marvel film, but it failed to deliver on so many levels.",0
The plot twists were predictable and the characters felt one-dimensional and lacking depth.,0
"The special effects were the only decent part of the movie, but even they couldn't save it from its overall lack of substance.",0
I was disappointed by the wasted potential in the script and the poor execution by the director.,0
The movie's attempts at humor fell flat and the jokes felt forced and unnatural.,0
The movie tried to be too many things at once and ended up being nothing at all.,0
"I was expecting a thought-provoking drama, but what I got was a shallow, formulaic film.",0
The movie's pacing was all over the place and it felt like the director couldn't decide on a tone.,0
I couldn't help but think about all the other movies that did the same story better.,0
"The movie's themes were interesting, but they were handled poorly and felt disconnected from the rest of the story.",0
The movie's climax was rushed and felt like an afterthought.,0
The movie's score was generic and failed to add any emotional weight to the film.,0
"I was expecting a fun, lighthearted rom-com, but it was instead a cheesy, cringeworthy disaster.",0
"The movie's setting was richly detailed, but the story itself was dull and unengaging.",0
"The movie tried to be a deep, philosophical exploration of the human condition, but it felt shallow and unsatisfying.",0
The movie's characters were poorly developed and lacked any real chemistry.,0
The movie's plot was convoluted and hard to follow at times.,0
"I was expecting a fun, action-packed blockbuster, but it was instead a soulless, corporate cash-grab.",0
"The movie's themes were interesting, but they were handled poorly and felt disconnected from the rest of the story.",0
The movie's climax was predictable and lacked any real tension or excitement.,0
The movie's score was forgettable and failed to leave any lasting impression.,0
I was disappointed by the wasted potential in the script and the poor execution by the director.,0
"The movie's pacing was slow and plodding, making it a chore to sit through.",0
"The movie tried to be a gritty, realistic drama, but it felt fake and overly stylized.",0
The movie's characters were poorly developed and lacked any real emotional depth.,0
The movie's plot was predictable and lacked any real surprises.,0
"I was expecting a thought-provoking sci-fi film, but it was instead a shallow, poorly thought-out mess.",0
"The movie's setting was richly detailed, but the story itself was dull and unengaging.",0
"The movie tried to be a fun, lighthearted adventure, but it was instead a confusing, disjointed disaster.",0
"The movie's themes were interesting, but they were handled poorly and felt disconnected from the rest of the story.",0
The movie's climax was rushed and felt like an afterthought.,0
The movie's score was forgettable and failed to leave any lasting impression.,0
I was disappointed by the wasted potential in the script and the poor execution by the director.,0
The movie's pacing was all over the place and it felt like the director couldn't decide on a tone.,0
"I was expecting a fun, action-packed blockbuster, but it was instead a soulless, corporate cash-grab.",0
The movie's plot was convoluted and hard to follow at times.,0
"The movie tried to be a deep, philosophical exploration of the human condition, but it felt shallow and unsatisfying.",0
The movie's characters were poorly developed and lacked any real chemistry.,0
The movie's climax was predictable and lacked any real tension or excitement.,0
The movie's score was generic and failed to add any emotional weight to the film.,0
"I was expecting a fun, lighthearted rom-com, but it was instead a cheesy, cringeworthy disaster.",0
"The movie's themes were interesting, but they were handled poorly and felt disconnected from the rest of the story.",0
"The movie's setting was richly detailed, but the story itself was dull and unengaging.",0
"The movie tried to be a gritty, realistic drama, but it felt fake and overly stylized.",0
The movie's plot was predictable and lacked any real surprises.,0
I was disappointed by the wasted potential in the script and the poor execution by the director.,0
"The movie's pacing was slow and plodding, making it a chore to sit through.",0
"The movie tried to be a fun, action-packed blockbuster, but it was instead a soulless, corporate cash-grab.",0
The movie's climax was rushed and felt like an afterthought.,0
The movie's score was forgettable and failed to leave any lasting impression.,0
The movie's themes were handled poorly and felt disconnected from the rest of the story.,0
The movie's characters were poorly developed and lacked any real emotional depth.,0
The movie's plot was convoluted and hard to follow at times.,0
"I was expecting a thought-provoking drama, but what I got was a shallow, formulaic film.",0
The movie's pacing was all over the place and it felt like the director couldn't decide on a tone.,0
I was disappointed by the wasted potential in the script and the poor execution by the director.,0
The movie's attempts at humor fell flat and the jokes felt forced and unnatural.,0
The movie tried to be too many things at once and ended up being nothing at all.,0
"I was expecting a fun, lighthearted adventure, but it was instead a confusing, disjointed disaster.",0
"The movie's themes were interesting, but they were handled poorly and felt disconnected from the rest of the story.",0
The movie's climax was predictable and lacked any real tension or excitement.,0
The movie's score was generic and failed to add any emotional weight to the film.,0
"I was expecting a fun, action-packed blockbuster, but it was instead a soulless, corporate cash-grab.",0
The movie's plot was predictable and lacked any real surprises.,0
"The movie tried to be a deep, philosophical exploration of the human condition, but it felt shallow and unsatisfying.",0
The movie's characters were poorly developed and lacked any real chemistry.,0
"The movie's setting was richly detailed, but the story itself was dull and unengaging.",0
"The movie tried to be a gritty, realistic drama, but it felt fake and overly stylized.",0
"The movie's pacing was slow and plodding, making it a chore to sit through.",0
I was disappointed by the wasted potential in the script and the poor execution by the director.,0
The movie's themes were handled poorly and felt disconnected from the rest of the story.,0
The movie's climax was rushed and felt like an afterthought.,0
The movie's score was forgettable and failed to leave any lasting impression.,0
The movie's plot was convoluted and hard to follow at times.,0
"I was expecting a thought-provoking drama, but what I got was a shallow, formulaic film.",0
The movie's pacing was all over the place and it felt like the director couldn't decide on a tone.,0
I was disappointed by the wasted potential in the script and the poor execution by the director.,0
"The movie tried to be a fun, lighthearted rom-com, but it was instead a cheesy, cringeworthy disaster.",0
"The movie's themes were interesting, but they were handled poorly and felt disconnected from the rest of the story.",0
"The movie's setting was richly detailed, but the story itself was dull and unengaging.",0
"The movie tried to be a deep, philosophical exploration of the human condition, but it felt shallow and unsatisfying.",0
The movie's climax was predictable and lacked any real tension or excitement.,0
The movie's score was generic and failed to add any emotional weight to the film.,0
"I was expecting a fun, action-packed blockbuster, but it was instead a soulless, corporate cash-grab.",0
The movie's plot was predictable and lacked any real surprises.,0
"The movie tried to be a gritty, realistic drama, but it felt fake and overly stylized.",0
"The movie's pacing was slow and plodding, making it a chore to sit through.",0
I was disappointed by the wasted potential in the script and the poor execution by the director.,0
The movie's themes were handled poorly and felt disconnected from the rest of the story.,0
The movie's climax was rushed and felt like an afterthought.,0
The movie's score was forgettable and failed to leave any lasting impression.,0
The movie's plot was convoluted and hard to follow at times.,0
"I was expecting a thought-provoking drama, but what I got was a shallow, formulaic film.",0
The movie's pacing was all over the place and it felt like the director couldn't decide on a tone.,0
I was disappointed by the wasted potential in the script and the poor execution by the director.,0
"The movie tried to be a fun, lighthearted adventure, but it was instead a confusing, disjointed disaster.",0
"The movie's themes were interesting, but they were handled poorly and felt disconnected from the rest of the story.",0
The movie's climax was predictable and lacked any real tension or excitement.,0
